"wash","before","mill","seems","store"
"such","importance","pig","history","breathe"
"instrument","regular","traffic","highest","wild"
"water","throughout","question","basket","more"
"salt","income","best","hide","steel"
"principal","explain","up","brief","care"
"pattern","but","has","sheep","colony"
"finally","earn","engineer","driven","putting"
"firm","love","team","real","somehow"
"remain","herself","elephant","beat","political"
"ranch","how","wherever","after","balance"
"consist","production","total","trip","fill"
"sum","single","effect","can","hide"
"cookies","electricity","weigh","above","differ"
"important","creature","repeat","sick","nose"
"per","luck","had","exact","managed"