name,phone,email,region
Cherokee Morgan,1-447-250-4375,sagittis@protonmail.couk,Veracruz
Petra Bright,1-718-931-8550,venenatis@google.net,Kaluga Oblast
Robert Lane,1-619-806-1976,cubilia.curae@icloud.ca,Styria
Jaquelyn Stanley,(644) 454-6667,magna@aol.net,North-East Region
Gage Butler,(267) 925-9363,nunc@outlook.ca,Franche-Comté
Remedios Flowers,1-432-760-1551,tristique.senectus.et@yahoo.org,Mizoram
Christian Malone,(962) 119-1088,orci.donec@icloud.couk,Champagne-Ardenne
Jade Wright,(941) 373-8711,lacinia@aol.edu,Leinster
Jameson Parker,(742) 501-7346,cubilia.curae@yahoo.ca,Khyber Pakhtoonkhwa
Rebekah Tucker,1-712-536-7216,metus@outlook.couk,Gia Lai
Kelsie Cortez,1-332-804-2760,commodo.auctor@icloud.couk,South Chungcheong
Arthur Burris,1-613-216-8655,tincidunt.adipiscing.mauris@icloud.edu,New Brunswick
Damon Riggs,1-402-790-5417,ullamcorper.nisl.arcu@google.couk,Aberdeenshire
Avram Burton,(846) 867-7644,risus@protonmail.ca,Alberta
Bevis Weeks,1-468-865-1598,fringilla.ornare@yahoo.net,Limburg
Hilary Haley,(516) 465-3437,augue@hotmail.couk,Jigawa
Fuller Strong,(461) 731-1331,dictum.ultricies.ligula@hotmail.couk,Manisa
Nicholas Foley,(448) 517-6047,dolor.dapibus.gravida@icloud.com,Queensland
Ryder Hampton,(262) 838-2781,neque.et@icloud.couk,Azad Kashmir
Petra Patterson,(349) 795-8354,donec.fringilla@hotmail.ca,Friuli-Venezia Giulia
Emma Bean,1-675-318-7131,habitant.morbi@hotmail.org,Xīnán
Alden Tanner,1-515-822-8126,at.sem@yahoo.org,Gyeonggi
Herrod Hess,(233) 354-7468,interdum@protonmail.org,Gangwon
Reagan Larsen,1-330-261-8413,lobortis@icloud.net,Khyber Pakhtoonkhwa
Reese Caldwell,1-565-742-5356,ut.ipsum.ac@icloud.couk,Extremadura
Kane Acevedo,(186) 788-0120,quisque@protonmail.com,Lviv oblast
Cheyenne Wheeler,(473) 463-5374,dui@aol.edu,Gävleborgs län
Dean Cooley,1-768-726-4406,interdum.ligula@hotmail.com,Cusco
Cairo Soto,(849) 415-1670,lobortis@protonmail.edu,North Island
Quamar Dunlap,1-386-818-8228,pede.praesent@google.couk,Rheinland-Pfalz
Amal Beard,1-623-506-7107,nunc.laoreet@hotmail.edu,Lazio
Colin Zimmerman,1-120-777-5726,magna.tellus@yahoo.com,Luhansk oblast
Macaulay Brady,1-234-600-6625,eleifend@protonmail.org,Bedfordshire
Clio Chan,1-782-931-5269,elit.elit.fermentum@protonmail.ca,Los Lagos
Demetrius Aguilar,(552) 861-4875,arcu.vivamus@yahoo.org,Putumayo
Tatiana Vance,1-438-241-7858,et.rutrum@yahoo.ca,Heredia
Acton Tyson,(323) 347-8092,mauris.vel.turpis@aol.net,Puntarenas
Noble Daniels,(288) 958-6768,lorem.ipsum@hotmail.edu,Northern Cape
Athena Lindsay,(345) 276-6971,id.nunc@icloud.edu,Zhōngnán
Hayden Waters,1-551-276-3445,elit.fermentum@outlook.net,New South Wales
Jonah Ellison,1-912-198-4357,malesuada@yahoo.couk,La Rioja
Daniel Chen,1-883-181-9338,convallis@protonmail.net,Dalarnas län
Cynthia Dunn,(560) 671-1114,mi@hotmail.com,Ulyanovsk Oblast
Eagan Wells,1-288-381-7487,libero.morbi@protonmail.ca,Niger
Judith Roy,1-737-343-4415,mattis@protonmail.ca,Upper Austria
Dustin Pruitt,1-751-238-8283,neque.sed.dictum@hotmail.org,Lazio
Uriah Bean,1-544-362-5387,parturient.montes.nascetur@icloud.ca,Mpumalanga
Lydia Mcgowan,(181) 739-4788,egestas.duis@aol.edu,Sinaloa
Kareem Woodward,1-387-112-5446,auctor.velit@google.com,Stockholms län
Amir Velez,1-940-538-9468,orci@google.edu,Maule
